height,hash,prevHash,merkleRoot,nonce
0,0000000000000000000b8830955d4ab45fdc5933449a59fa6639cd4c9fb66024,0000000000000000000a4fc08fea0815edbcb902c7e1f7a5221d0b2d84e89183,f5ae12f6274082a325d229a740b704e0a88db5d184439821cb61e28fc418791f,274734422
1,0000000000000000000bb65617ed6bd57a9ee0afaa87fdf1e0d4061452c22442,0000000000000000000b8830955d4ab45fdc5933449a59fa6639cd4c9fb66024,3cc8c69766e26f4ec5b4672e6224cd81c75577674f3cce8c9bb9731a2bb0bd6a,2794225226
2,000000000000000000078848a1a395bd4588381d8eb41ae8ad33dbfe9e4a38da,0000000000000000000bb65617ed6bd57a9ee0afaa87fdf1e0d4061452c22442,ae290e078d5f89ef2326ba944426fdddefce46acb10a0ac6e82bd5ec9364127b,2223907475
3,00000000000000000002101d9fcdec03b4b0bcf6be9e417800113c96e8835307,000000000000000000078848a1a395bd4588381d8eb41ae8ad33dbfe9e4a38da,83e9bac38c79442c75371004e6c3d4db945304c6a9e190f94de38a31374a846a,1182298577
