height,txid,prev_block,prevTxID,prevTxOutIndex,scriptSig
1,bdf2c8a2482cc9ca50ee423dad8549e27fdb62f2ae3218eae32277eeec715ec5,0,bb171757a76cd2c95b6ccdc633ef8b2f8f6491aaa7ff736ef35dd372e64a7702,0,OP_HASH160 c2dfc1504aa7b5b0e9e2fb14069a904721a2647c OP_EQUAL 0020c20cd12dba3bf7095667e824167fbbebd514abd47e59481a5af29aad00d77dfd
2,c5c36a7e0a7d7a95ada88459231bd8afce2bf93e5921ef39a4606bdabbdcaeb5,1,bdf2c8a2482cc9ca50ee423dad8549e27fdb62f2ae3218eae32277eeec715ec5,0,OP_HASH160 4d5a9a16f711b32eed6527646df617b21d052350 OP_EQUAL 00200cc95460f6741e708153b854065983eafb3ae9c85709af68aaf8efe8ff419066
3,5a916d9e74946ed6f3c2aec1acea20ae59a2af216eb9b33f91a0771f20678bed,1,bdf2c8a2482cc9ca50ee423dad8549e27fdb62f2ae3218eae32277eeec715ec5,0,OP_HASH160 4d5a9a16f711b32eed6527646df617b21d052350 OP_EQUAL 00200cc95460f6741e708153b854065983eafb3ae9c85709af68aaf8efe8ff419066
3,1adacd29c4fddcfac988f8650fc1beec8a59ef49614575b81260f4b329c84910,2,c5c36a7e0a7d7a95ada88459231bd8afce2bf93e5921ef39a4606bdabbdcaeb5,0,OP_HASH160 852dad5b8b43ec686a9c79a392e53d7f20a87c3a OP_EQUAL 0020cb254de857d35ac5c749a3c5a9ba7d64ede21d44474bca99668e6ce28be4853b
